<?xml version="1.0" encoding="UTF-8"?>
<!DOCTYPE hibernate-configuration PUBLIC
        "-//Hibernate/Hibernate Configuration DTD 3.0//EN"
        "http://hibernate.sourceforge.net/hibernate-configuration-3.0.dtd">
<hibernate-configuration> 
    <session-factory> 
         <property name="hibernate.connection.driver_class">oracle.jdbc.driver.OracleDriver</property>
         <property name="connection.url">jdbc:oracle:thin:@localhost:1521:xe</property> 
         <property name="connection.username">hr</property> 
         <property name="connection.password">hr</property> 
         <property name="hibernate.dialect">org.hibernate.dialect.Oracle10gDialect</property>
                
         <property name="show_sql">true</property> 
        

          <!-- <property name="hbm2ddl.auto">create</property> --> 
          <property name="hbm2ddl.auto">create</property>
         <!-- <property name="hbm2ddl.auto">create-update</property> -->
         
        <mapping class="Hiber1.Project1.model.Employee"/> 
        <mapping class="Hiber1.Project1.model.Student"/>
        <!-- <mapping class="com.proj1.model.Flight"/> 
        <mapping class="com.proj1.model.Booking"/> --> 
        

        <!-- <mapping class="model.UserPosts"/>
        <mapping class="model.Users2"/> 
        <mapping class="model.UserPosts2"/> -->
                  
     </session-factory> 
 </hibernate-configuration>